date,country,total_cases,new_cases,total_deaths,new_deaths,total_tests,population,aged_65_older,aged_70_older
31dec2019,1,,0,,0,,51269183,13.914,8.6219997
01jan2020,1,,0,,0,,51269183,13.914,8.6219997
02jan2020,1,,0,,0,,51269183,13.914,8.6219997
03jan2020,1,,0,,0,,51269183,13.914,8.6219997
04jan2020,1,,0,,0,,51269183,13.914,8.6219997
05jan2020,1,,0,,0,,51269183,13.914,8.6219997
06jan2020,1,,0,,0,,51269183,13.914,8.6219997
07jan2020,1,,0,,0,,51269183,13.914,8.6219997
08jan2020,1,,0,,0,,51269183,13.914,8.6219997
09jan2020,1,,0,,0,,51269183,13.914,8.6219997
10jan2020,1,,0,,0,,51269183,13.914,8.6219997
11jan2020,1,,0,,0,,51269183,13.914,8.6219997
12jan2020,1,,0,,0,,51269183,13.914,8.6219997
13jan2020,1,,0,,0,,51269183,13.914,8.6219997
14jan2020,1,,0,,0,,51269183,13.914,8.6219997
15jan2020,1,,0,,0,,51269183,13.914,8.6219997
16jan2020,1,,0,,0,,51269183,13.914,8.6219997
17jan2020,1,,0,,0,,51269183,13.914,8.6219997
18jan2020,1,,0,,0,,51269183,13.914,8.6219997
19jan2020,1,,0,,0,,51269183,13.914,8.6219997
20jan2020,1,1,1,,0,,51269183,13.914,8.6219997
21jan2020,1,1,0,,0,11,51269183,13.914,8.6219997
22jan2020,1,1,0,,0,16,51269183,13.914,8.6219997
23jan2020,1,1,0,,0,,51269183,13.914,8.6219997
24jan2020,1,2,1,,0,25,51269183,13.914,8.6219997
25jan2020,1,2,0,,0,,51269183,13.914,8.6219997
26jan2020,1,3,1,,0,48,51269183,13.914,8.6219997
27jan2020,1,4,1,,0,57,51269183,13.914,8.6219997
28jan2020,1,4,0,,0,187,51269183,13.914,8.6219997
29jan2020,1,4,0,,0,,51269183,13.914,8.6219997
30jan2020,1,4,0,,0,244,51269183,13.914,8.6219997
31jan2020,1,7,3,,0,,51269183,13.914,8.6219997
01feb2020,1,12,5,,0,371,51269183,13.914,8.6219997
02feb2020,1,15,3,,0,429,51269183,13.914,8.6219997
03feb2020,1,15,0,,0,,51269183,13.914,8.6219997
04feb2020,1,16,1,,0,607,51269183,13.914,8.6219997
05feb2020,1,18,2,,0,714,51269183,13.914,8.6219997
06feb2020,1,23,5,,0,885,51269183,13.914,8.6219997
07feb2020,1,24,1,,0,1130,51269183,13.914,8.6219997
08feb2020,1,24,0,,0,1701,51269183,13.914,8.6219997
09feb2020,1,25,1,,0,2340,51269183,13.914,8.6219997
10feb2020,1,27,2,,0,2776,51269183,13.914,8.6219997
11feb2020,1,28,1,,0,3629,51269183,13.914,8.6219997
12feb2020,1,28,0,,0,5074,51269183,13.914,8.6219997
13feb2020,1,28,0,,0,5797,51269183,13.914,8.6219997
14feb2020,1,28,0,,0,6854,51269183,13.914,8.6219997
15feb2020,1,28,0,,0,7519,51269183,13.914,8.6219997
16feb2020,1,29,1,,0,7919,51269183,13.914,8.6219997
17feb2020,1,30,1,,0,8171,51269183,13.914,8.6219997
18feb2020,1,31,1,,0,9265,51269183,13.914,8.6219997
19feb2020,1,46,15,,0,10411,51269183,13.914,8.6219997
20feb2020,1,80,34,,0,12161,51269183,13.914,8.6219997
21feb2020,1,155,75,1,1,14816,51269183,13.914,8.6219997
22feb2020,1,345,190,2,1,19621,51269183,13.914,8.6219997
23feb2020,1,601,256,5,3,22633,51269183,13.914,8.6219997
24feb2020,1,762,161,7,2,28615,51269183,13.914,8.6219997
25feb2020,1,892,130,8,1,36716,51269183,13.914,8.6219997
26feb2020,1,1146,254,11,3,46127,51269183,13.914,8.6219997
27feb2020,1,1595,449,12,1,57990,51269183,13.914,8.6219997
28feb2020,1,2022,427,13,1,70940,51269183,13.914,8.6219997
29feb2020,1,2931,909,16,3,85693,51269183,13.914,8.6219997
01mar2020,1,3526,595,17,1,96985,51269183,13.914,8.6219997
02mar2020,1,4212,686,22,5,109591,51269183,13.914,8.6219997
03mar2020,1,4812,600,28,6,125851,51269183,13.914,8.6219997
04mar2020,1,5328,516,32,4,136707,51269183,13.914,8.6219997
05mar2020,1,5766,438,35,3,146541,51269183,13.914,8.6219997
06mar2020,1,6284,518,42,7,164740,51269183,13.914,8.6219997
07mar2020,1,6767,483,44,2,178189,51269183,13.914,8.6219997
08mar2020,1,7134,367,50,6,188518,51269183,13.914,8.6219997
09mar2020,1,7382,248,51,1,196618,51269183,13.914,8.6219997
10mar2020,1,7513,131,54,3,210144,51269183,13.914,8.6219997
11mar2020,1,7755,242,60,6,222395,51269183,13.914,8.6219997
12mar2020,1,7869,114,66,6,,51269183,13.914,8.6219997
13mar2020,1,7979,110,67,1,230707,51269183,13.914,8.6219997
14mar2020,1,8086,107,72,5,,51269183,13.914,8.6219997
15mar2020,1,8162,76,75,3,,51269183,13.914,8.6219997
16mar2020,1,8236,74,75,0,259533,51269183,13.914,8.6219997
17mar2020,1,8320,84,81,6,,51269183,13.914,8.6219997
18mar2020,1,8413,93,86,5,,51269183,13.914,8.6219997
19mar2020,1,8565,152,91,5,291120,51269183,13.914,8.6219997
20mar2020,1,8652,87,100,9,301139,51269183,13.914,8.6219997
21mar2020,1,8799,147,103,3,311805,51269183,13.914,8.6219997
22mar2020,1,8897,98,104,1,317240,51269183,13.914,8.6219997
23mar2020,1,8961,64,113,9,324408,51269183,13.914,8.6219997
24mar2020,1,9037,76,120,7,333142,51269183,13.914,8.6219997
25mar2020,1,9137,100,126,6,343618,51269183,13.914,8.6219997
26mar2020,1,9241,104,131,5,350573,51269183,13.914,8.6219997
27mar2020,1,9332,91,139,8,361742,51269183,13.914,8.6219997
28mar2020,1,9478,146,144,5,371361,51269183,13.914,8.6219997
29mar2020,1,9583,105,152,8,,51269183,13.914,8.6219997
30mar2020,1,9661,78,158,6,381663,51269183,13.914,8.6219997
31mar2020,1,9786,125,163,5,393672,51269183,13.914,8.6219997
01apr2020,1,9786,0,163,0,404962,51269183,13.914,8.6219997
02apr2020,1,9976,190,169,6,413858,51269183,13.914,8.6219997
03apr2020,1,10062,86,174,5,424365,51269183,13.914,8.6219997
04apr2020,1,10156,94,177,3,,51269183,13.914,8.6219997
05apr2020,1,10237,81,183,6,441662,51269183,13.914,8.6219997
06apr2020,1,10284,47,186,3,447509,51269183,13.914,8.6219997
07apr2020,1,10331,47,192,6,456654,51269183,13.914,8.6219997
08apr2020,1,10384,53,200,8,468145,51269183,13.914,8.6219997
09apr2020,1,10423,39,204,4,479202,51269183,13.914,8.6219997
10apr2020,1,10450,27,208,4,487753,51269183,13.914,8.6219997
11apr2020,1,10450,0,208,0,496409,51269183,13.914,8.6219997
12apr2020,1,10512,62,214,6,500833,51269183,13.914,8.6219997
13apr2020,1,10537,25,217,3,505352,51269183,13.914,8.6219997
14apr2020,1,10564,27,222,5,512787,51269183,13.914,8.6219997
15apr2020,1,10591,27,225,3,519526,51269183,13.914,8.6219997
16apr2020,1,10613,22,229,4,524507,51269183,13.914,8.6219997
17apr2020,1,10635,22,230,1,532277,51269183,13.914,8.6219997
18apr2020,1,10653,18,232,2,,51269183,13.914,8.6219997
19apr2020,1,10661,8,234,2,546866,51269183,13.914,8.6219997
20apr2020,1,10674,13,236,2,551054,51269183,13.914,8.6219997
21apr2020,1,10683,9,237,1,558293,51269183,13.914,8.6219997
22apr2020,1,10694,11,238,1,565838,51269183,13.914,8.6219997
23apr2020,1,10702,8,240,2,573832,51269183,13.914,8.6219997
24apr2020,1,10708,6,240,0,579920,51269183,13.914,8.6219997
25apr2020,1,10718,10,240,0,,51269183,13.914,8.6219997
26apr2020,1,10728,10,242,2,,51269183,13.914,8.6219997
27apr2020,1,10738,10,243,1,592765,51269183,13.914,8.6219997
28apr2020,1,10752,14,244,1,599311,51269183,13.914,8.6219997
29apr2020,1,10761,9,246,2,605890,51269183,13.914,8.6219997
30apr2020,1,10765,4,247,1,,51269183,13.914,8.6219997
01may2020,1,10774,9,248,1,614384,51269183,13.914,8.6219997
02may2020,1,10780,6,250,2,619066,51269183,13.914,8.6219997
03may2020,1,10793,13,250,0,622385,51269183,13.914,8.6219997
04may2020,1,10801,8,252,2,625745,51269183,13.914,8.6219997
05may2020,1,10804,3,254,2,631379,51269183,13.914,8.6219997
06may2020,1,10806,2,255,1,635086,51269183,13.914,8.6219997
07may2020,1,10810,4,256,1,640959,51269183,13.914,8.6219997
08may2020,1,10822,12,256,0,645996,51269183,13.914,8.6219997
09may2020,1,10840,18,256,0,650877,51269183,13.914,8.6219997
10may2020,1,10874,34,256,0,,51269183,13.914,8.6219997
11may2020,1,10909,35,256,0,657570,51269183,13.914,8.6219997
12may2020,1,10936,27,258,2,664560,51269183,13.914,8.6219997
13may2020,1,10962,26,259,1,676341,51269183,13.914,8.6219997
14may2020,1,10991,29,260,1,690762,51269183,13.914,8.6219997
15may2020,1,11018,27,260,0,706872,51269183,13.914,8.6219997
16may2020,1,11037,19,262,2,,51269183,13.914,8.6219997
17may2020,1,11050,13,262,0,729993,51269183,13.914,8.6219997
18may2020,1,11065,15,263,1,737118,51269183,13.914,8.6219997
19may2020,1,11078,13,263,0,748649,51269183,13.914,8.6219997
20may2020,1,11110,32,263,0,760082,51269183,13.914,8.6219997
21may2020,1,11122,12,264,1,770595,51269183,13.914,8.6219997
22may2020,1,11142,20,264,0,782132,51269183,13.914,8.6219997
23may2020,1,11165,23,266,2,792851,51269183,13.914,8.6219997
24may2020,1,11190,25,266,0,,51269183,13.914,8.6219997
25may2020,1,11206,16,267,1,807348,51269183,13.914,8.6219997
26may2020,1,11225,19,269,2,817431,51269183,13.914,8.6219997
27may2020,1,11265,40,269,0,831815,51269183,13.914,8.6219997
28may2020,1,11344,79,269,0,846296,51269183,13.914,8.6219997
29may2020,1,11402,58,269,0,860563,51269183,13.914,8.6219997
30may2020,1,11441,39,269,0,876603,51269183,13.914,8.6219997
31may2020,1,11468,27,270,1,887528,51269183,13.914,8.6219997
01jun2020,1,11503,35,271,1,897333,51269183,13.914,8.6219997
02jun2020,1,11541,38,272,1,910929,51269183,13.914,8.6219997
03jun2020,1,11590,49,273,1,928987,51269183,13.914,8.6219997
04jun2020,1,11629,39,273,0,945659,51269183,13.914,8.6219997
05jun2020,1,11668,39,273,0,962194,51269183,13.914,8.6219997
06jun2020,1,11719,51,273,0,977351,51269183,13.914,8.6219997
07jun2020,1,11776,57,273,0,986288,51269183,13.914,8.6219997
08jun2020,1,11814,38,273,0,993840,51269183,13.914,8.6219997
09jun2020,1,11852,38,274,1,1008538,51269183,13.914,8.6219997
10jun2020,1,11902,50,276,2,1025749,51269183,13.914,8.6219997
11jun2020,1,11947,45,276,0,1041394,51269183,13.914,8.6219997
12jun2020,1,12003,56,277,1,1057243,51269183,13.914,8.6219997
13jun2020,1,12051,48,277,0,1071352,51269183,13.914,8.6219997
14jun2020,1,12084,33,277,0,1078972,51269183,13.914,8.6219997
15jun2020,1,12121,37,277,0,1084926,51269183,13.914,8.6219997
16jun2020,1,12155,34,278,1,1097135,51269183,13.914,8.6219997
17jun2020,1,12198,43,279,1,1111334,51269183,13.914,8.6219997
18jun2020,1,12257,59,280,1,1123998,51269183,13.914,8.6219997
19jun2020,1,12306,49,280,0,1136873,51269183,13.914,8.6219997
20jun2020,1,12373,67,280,0,1149431,51269183,13.914,8.6219997
21jun2020,1,12421,48,280,0,1156392,51269183,13.914,8.6219997
22jun2020,1,12438,17,280,0,1162663,51269183,13.914,8.6219997
23jun2020,1,12484,46,281,1,1173734,51269183,13.914,8.6219997
24jun2020,1,12535,51,281,0,1188352,51269183,13.914,8.6219997
25jun2020,1,12563,28,282,1,1201578,51269183,13.914,8.6219997
26jun2020,1,12602,39,282,0,1213487,51269183,13.914,8.6219997
27jun2020,1,12653,51,282,0,1223914,51269183,13.914,8.6219997
28jun2020,1,12715,62,282,0,1232690,51269183,13.914,8.6219997
29jun2020,1,12757,42,282,0,1241455,51269183,13.914,8.6219997
30jun2020,1,12800,43,282,0,1252957,51269183,13.914,8.6219997
01jul2020,1,12850,50,282,0,1265705,51269183,13.914,8.6219997
02jul2020,1,12904,54,282,0,1276180,51269183,13.914,8.6219997
03jul2020,1,12967,63,282,0,1286201,51269183,13.914,8.6219997
04jul2020,1,13030,63,283,1,1297202,51269183,13.914,8.6219997
05jul2020,1,13091,61,283,0,,51269183,13.914,8.6219997
06jul2020,1,13091,0,283,0,1310504,51269183,13.914,8.6219997
07jul2020,1,13181,90,285,2,1322519,51269183,13.914,8.6219997
08jul2020,1,13244,63,285,0,1335723,51269183,13.914,8.6219997
09jul2020,1,13293,49,287,2,1347859,51269183,13.914,8.6219997
10jul2020,1,13338,45,288,1,1361363,51269183,13.914,8.6219997
11jul2020,1,13373,35,288,0,,51269183,13.914,8.6219997
12jul2020,1,13417,44,289,1,1380314,51269183,13.914,8.6219997
13jul2020,1,13479,62,289,0,1386467,51269183,13.914,8.6219997
14jul2020,1,13512,33,289,0,1396327,51269183,13.914,8.6219997
15jul2020,1,13551,39,289,0,1408019,51269183,13.914,8.6219997
16jul2020,1,13612,61,291,2,1417944,51269183,13.914,8.6219997
17jul2020,1,13672,60,293,2,1427907,51269183,13.914,8.6219997
18jul2020,1,13711,39,294,1,1437281,51269183,13.914,8.6219997
19jul2020,1,13745,34,295,1,1443346,51269183,13.914,8.6219997
20jul2020,1,13771,26,296,1,1448891,51269183,13.914,8.6219997
21jul2020,1,13816,45,296,0,1458526,51269183,13.914,8.6219997
22jul2020,1,13879,63,297,1,1470320,51269183,13.914,8.6219997
23jul2020,1,13938,59,297,0,1479436,51269183,13.914,8.6219997
24jul2020,1,13979,41,298,1,1489768,51269183,13.914,8.6219997
25jul2020,1,14092,113,298,0,1498953,51269183,13.914,8.6219997
26jul2020,1,14150,58,298,0,1503712,51269183,13.914,8.6219997
27jul2020,1,14175,25,299,1,1508204,51269183,13.914,8.6219997
28jul2020,1,14203,28,300,1,1517260,51269183,13.914,8.6219997
29jul2020,1,14251,48,300,0,1527981,51269183,13.914,8.6219997
30jul2020,1,14269,18,300,0,1537197,51269183,13.914,8.6219997
31jul2020,1,14305,36,301,1,1545466,51269183,13.914,8.6219997
01aug2020,1,14336,31,301,0,1553552,51269183,13.914,8.6219997
02aug2020,1,14336,0,301,0,1558478,51269183,13.914,8.6219997
03aug2020,1,14389,53,301,0,1562356,51269183,13.914,8.6219997
04aug2020,1,14423,34,301,0,1571056,51269183,13.914,8.6219997
05aug2020,1,14456,33,302,1,1579697,51269183,13.914,8.6219997
06aug2020,1,14499,43,302,0,1588456,51269183,13.914,8.6219997
07aug2020,1,14519,20,303,1,1596584,51269183,13.914,8.6219997
08aug2020,1,14562,43,304,1,1604409,51269183,13.914,8.6219997
09aug2020,1,14598,36,305,1,1607847,51269183,13.914,8.6219997
10aug2020,1,14626,28,305,0,1611907,51269183,13.914,8.6219997
11aug2020,1,14660,34,305,0,1620355,51269183,13.914,8.6219997
12aug2020,1,14714,54,305,0,1629277,51269183,13.914,8.6219997
13aug2020,1,14770,56,305,0,1637100,51269183,13.914,8.6219997
14aug2020,1,14873,103,305,0,1644952,51269183,13.914,8.6219997
15aug2020,1,15039,166,305,0,1653678,51269183,13.914,8.6219997
16aug2020,1,15318,279,305,0,1659782,51269183,13.914,8.6219997
17aug2020,1,15515,197,305,0,1665506,51269183,13.914,8.6219997
18aug2020,1,15761,246,306,1,1671823,51269183,13.914,8.6219997
19aug2020,1,16058,297,306,0,1684042,51269183,13.914,8.6219997
20aug2020,1,16346,288,307,1,1699085,51269183,13.914,8.6219997
21aug2020,1,16670,324,309,2,1716078,51269183,13.914,8.6219997
22aug2020,1,17002,332,309,0,1733373,51269183,13.914,8.6219997
23aug2020,1,17399,397,309,0,1743622,51269183,13.914,8.6219997
24aug2020,1,17665,266,309,0,1756427,51269183,13.914,8.6219997
25aug2020,1,17945,280,310,1,1775475,51269183,13.914,8.6219997
26aug2020,1,18265,320,312,2,1796711,51269183,13.914,8.6219997
27aug2020,1,18706,441,313,1,1817538,51269183,13.914,8.6219997
28aug2020,1,19077,371,316,3,1837006,51269183,13.914,8.6219997
29aug2020,1,19400,323,321,5,1855283,51269183,13.914,8.6219997
30aug2020,1,19699,299,323,2,1866149,51269183,13.914,8.6219997
31aug2020,1,19947,248,324,1,1879813,51269183,13.914,8.6219997
01sep2020,1,20182,235,324,0,1902337,51269183,13.914,8.6219997
02sep2020,1,20449,267,326,2,1923547,51269183,13.914,8.6219997
03sep2020,1,20644,195,329,3,1945028,51269183,13.914,8.6219997
04sep2020,1,20842,198,331,2,,51269183,13.914,8.6219997
05sep2020,1,20842,0,331,0,1984968,51269183,13.914,8.6219997
06sep2020,1,21177,335,334,3,1996314,51269183,13.914,8.6219997
07sep2020,1,21296,119,336,2,2004188,51269183,13.914,8.6219997
08sep2020,1,21432,136,341,5,2022708,51269183,13.914,8.6219997
09sep2020,1,21588,156,344,3,2045701,51269183,13.914,8.6219997
10sep2020,1,21743,155,346,2,2066573,51269183,13.914,8.6219997
11sep2020,1,21919,176,350,4,2089788,51269183,13.914,8.6219997
12sep2020,1,22055,136,355,5,2107631,51269183,13.914,8.6219997
13sep2020,1,22176,121,358,3,2115565,51269183,13.914,8.6219997
14sep2020,1,22285,109,363,5,2123526,51269183,13.914,8.6219997
15sep2020,1,22391,106,367,4,2137268,51269183,13.914,8.6219997
16sep2020,1,22504,113,367,0,2152990,51269183,13.914,8.6219997
17sep2020,1,22657,153,372,5,2166384,51269183,13.914,8.6219997
18sep2020,1,22783,126,377,5,2180962,51269183,13.914,8.6219997
19sep2020,1,22893,110,378,1,2194457,51269183,13.914,8.6219997
20sep2020,1,22975,82,383,5,2202427,51269183,13.914,8.6219997
21sep2020,1,23045,70,385,2,2209053,51269183,13.914,8.6219997
22sep2020,1,23106,61,388,3,2221890,51269183,13.914,8.6219997
23sep2020,1,23216,110,388,0,2236372,51269183,13.914,8.6219997
24sep2020,1,23341,125,393,5,2248217,51269183,13.914,8.6219997
25sep2020,1,23455,114,395,2,2260701,51269183,13.914,8.6219997
26sep2020,1,23516,61,399,4,2271837,51269183,13.914,8.6219997
27sep2020,1,23611,95,401,2,2277639,51269183,13.914,8.6219997
28sep2020,1,23661,50,406,5,2282716,51269183,13.914,8.6219997
29sep2020,1,23699,38,407,1,2292988,51269183,13.914,8.6219997
30sep2020,1,23812,113,413,6,2302403,51269183,13.914,8.6219997
01oct2020,1,23812,0,413,0,2308406,51269183,13.914,8.6219997
02oct2020,1,23952,140,416,3,2313782,51269183,13.914,8.6219997
03oct2020,1,24027,75,420,4,2318572,51269183,13.914,8.6219997
04oct2020,1,24091,64,421,1,2324229,51269183,13.914,8.6219997
05oct2020,1,24164,73,422,1,2329931,51269183,13.914,8.6219997
06oct2020,1,24239,75,422,0,2342696,51269183,13.914,8.6219997
07oct2020,1,24353,114,425,3,2355935,51269183,13.914,8.6219997
08oct2020,1,24422,69,427,2,2367866,51269183,13.914,8.6219997
09oct2020,1,24476,54,428,1,2379534,51269183,13.914,8.6219997
10oct2020,1,24548,72,430,2,2385702,51269183,13.914,8.6219997
11oct2020,1,24606,58,432,2,2391180,51269183,13.914,8.6219997
12oct2020,1,24703,97,433,1,2396418,51269183,13.914,8.6219997
13oct2020,1,24805,102,434,1,2408647,51269183,13.914,8.6219997
14oct2020,1,24889,84,438,4,2423058,51269183,13.914,8.6219997
15oct2020,1,24988,99,439,1,2432477,51269183,13.914,8.6219997
16oct2020,1,25035,47,441,2,2442071,51269183,13.914,8.6219997
17oct2020,1,25108,73,443,2,2451209,51269183,13.914,8.6219997
18oct2020,1,25199,91,444,1,2456748,51269183,13.914,8.6219997
19oct2020,1,25275,76,444,0,2462463,51269183,13.914,8.6219997
20oct2020,1,25333,58,447,3,2471932,51269183,13.914,8.6219997
21oct2020,1,25424,91,450,3,2483998,51269183,13.914,8.6219997
22oct2020,1,25543,119,453,3,2495512,51269183,13.914,8.6219997
23oct2020,1,25698,155,455,2,2508191,51269183,13.914,8.6219997
24oct2020,1,25775,77,457,2,2518791,51269183,13.914,8.6219997
25oct2020,1,25836,61,457,0,2524464,51269183,13.914,8.6219997
26oct2020,1,25955,119,457,0,2531501,51269183,13.914,8.6219997
27oct2020,1,26043,88,460,3,2544584,51269183,13.914,8.6219997
28oct2020,1,26146,103,461,1,2560056,51269183,13.914,8.6219997
29oct2020,1,26271,125,462,1,2571830,51269183,13.914,8.6219997
30oct2020,1,26385,114,464,2,2585858,51269183,13.914,8.6219997
31dec2019,2,,0,,0,,67886004,18.517,12.527
01jan2020,2,,0,,0,,67886004,18.517,12.527
02jan2020,2,,0,,0,,67886004,18.517,12.527
03jan2020,2,,0,,0,,67886004,18.517,12.527
04jan2020,2,,0,,0,,67886004,18.517,12.527
05jan2020,2,,0,,0,,67886004,18.517,12.527
06jan2020,2,,0,,0,,67886004,18.517,12.527
07jan2020,2,,0,,0,,67886004,18.517,12.527
08jan2020,2,,0,,0,,67886004,18.517,12.527
09jan2020,2,,0,,0,,67886004,18.517,12.527
10jan2020,2,,0,,0,,67886004,18.517,12.527
11jan2020,2,,0,,0,,67886004,18.517,12.527
12jan2020,2,,0,,0,,67886004,18.517,12.527
13jan2020,2,,0,,0,,67886004,18.517,12.527
14jan2020,2,,0,,0,,67886004,18.517,12.527
15jan2020,2,,0,,0,,67886004,18.517,12.527
16jan2020,2,,0,,0,,67886004,18.517,12.527
17jan2020,2,,0,,0,,67886004,18.517,12.527
18jan2020,2,,0,,0,,67886004,18.517,12.527
19jan2020,2,,0,,0,,67886004,18.517,12.527
20jan2020,2,,0,,0,,67886004,18.517,12.527
21jan2020,2,,0,,0,,67886004,18.517,12.527
22jan2020,2,,0,,0,,67886004,18.517,12.527
23jan2020,2,,0,,0,,67886004,18.517,12.527
24jan2020,2,,0,,0,,67886004,18.517,12.527
25jan2020,2,,0,,0,,67886004,18.517,12.527
26jan2020,2,,0,,0,,67886004,18.517,12.527
27jan2020,2,,0,,0,,67886004,18.517,12.527
28jan2020,2,,0,,0,,67886004,18.517,12.527
29jan2020,2,,0,,0,,67886004,18.517,12.527
30jan2020,2,,0,,0,,67886004,18.517,12.527
31jan2020,2,,0,,0,,67886004,18.517,12.527
01feb2020,2,2,2,,0,,67886004,18.517,12.527
02feb2020,2,2,0,,0,,67886004,18.517,12.527
03feb2020,2,2,0,,0,,67886004,18.517,12.527
04feb2020,2,2,0,,0,,67886004,18.517,12.527
05feb2020,2,3,1,,0,,67886004,18.517,12.527
06feb2020,2,3,0,,0,,67886004,18.517,12.527
07feb2020,2,4,1,,0,,67886004,18.517,12.527
08feb2020,2,4,0,,0,,67886004,18.517,12.527
09feb2020,2,4,0,,0,,67886004,18.517,12.527
10feb2020,2,8,4,,0,,67886004,18.517,12.527
11feb2020,2,9,1,,0,,67886004,18.517,12.527
12feb2020,2,9,0,,0,,67886004,18.517,12.527
13feb2020,2,10,1,,0,,67886004,18.517,12.527
14feb2020,2,10,0,,0,,67886004,18.517,12.527
15feb2020,2,10,0,,0,,67886004,18.517,12.527
16feb2020,2,10,0,,0,,67886004,18.517,12.527
17feb2020,2,10,0,,0,,67886004,18.517,12.527
18feb2020,2,10,0,,0,,67886004,18.517,12.527
19feb2020,2,10,0,,0,,67886004,18.517,12.527
20feb2020,2,10,0,,0,,67886004,18.517,12.527
21feb2020,2,10,0,,0,,67886004,18.517,12.527
22feb2020,2,10,0,,0,,67886004,18.517,12.527
23feb2020,2,11,1,,0,,67886004,18.517,12.527
24feb2020,2,11,0,,0,,67886004,18.517,12.527
25feb2020,2,11,0,,0,,67886004,18.517,12.527
26feb2020,2,13,2,,0,,67886004,18.517,12.527
27feb2020,2,18,5,,0,,67886004,18.517,12.527
28feb2020,2,22,4,,0,,67886004,18.517,12.527
29feb2020,2,30,8,,0,,67886004,18.517,12.527
01mar2020,2,42,12,,0,,67886004,18.517,12.527
02mar2020,2,47,5,,0,,67886004,18.517,12.527
03mar2020,2,69,22,,0,,67886004,18.517,12.527
04mar2020,2,109,40,,0,,67886004,18.517,12.527
05mar2020,2,164,55,,0,,67886004,18.517,12.527
06mar2020,2,220,56,,0,,67886004,18.517,12.527
07mar2020,2,271,51,1,1,,67886004,18.517,12.527
08mar2020,2,352,81,2,1,,67886004,18.517,12.527
09mar2020,2,412,60,2,0,,67886004,18.517,12.527
10mar2020,2,469,57,3,1,,67886004,18.517,12.527
11mar2020,2,617,148,7,4,,67886004,18.517,12.527
12mar2020,2,876,259,7,0,,67886004,18.517,12.527
13mar2020,2,1282,406,9,2,,67886004,18.517,12.527
14mar2020,2,1766,484,10,1,,67886004,18.517,12.527
15mar2020,2,2244,478,29,19,,67886004,18.517,12.527
16mar2020,2,2605,361,43,14,,67886004,18.517,12.527
17mar2020,2,3047,442,65,22,,67886004,18.517,12.527
18mar2020,2,3658,611,82,17,,67886004,18.517,12.527
19mar2020,2,4427,769,116,34,,67886004,18.517,12.527
20mar2020,2,5426,999,162,46,,67886004,18.517,12.527
21mar2020,2,6481,1055,194,32,,67886004,18.517,12.527
22mar2020,2,7736,1255,252,58,,67886004,18.517,12.527
23mar2020,2,8934,1198,288,36,,67886004,18.517,12.527
24mar2020,2,10312,1378,364,76,,67886004,18.517,12.527
25mar2020,2,12650,2338,512,148,,67886004,18.517,12.527
26mar2020,2,15025,2375,703,191,,67886004,18.517,12.527
27mar2020,2,17717,2692,884,181,,67886004,18.517,12.527
28mar2020,2,20804,3087,1172,288,,67886004,18.517,12.527
29mar2020,2,24001,3197,1464,292,,67886004,18.517,12.527
30mar2020,2,26823,2822,1676,212,,67886004,18.517,12.527
31mar2020,2,29681,2858,2050,374,155174,67886004,18.517,12.527
01apr2020,2,33954,4273,2453,403,167098,67886004,18.517,12.527
02apr2020,2,38468,4514,3125,672,182047,67886004,18.517,12.527
03apr2020,2,43381,4913,3782,657,222937,67886004,18.517,12.527
04apr2020,2,48249,4868,4518,736,238836,67886004,18.517,12.527
05apr2020,2,53160,4911,5274,756,251569,67886004,18.517,12.527
06apr2020,2,57180,4020,5873,599,265885,67886004,18.517,12.527
07apr2020,2,60772,3592,6440,567,280304,67886004,18.517,12.527
08apr2020,2,66054,5282,7545,1105,296747,67886004,18.517,12.527
09apr2020,2,71504,5450,8575,1030,315141,67886004,18.517,12.527
10apr2020,2,76635,5131,9691,1116,332925,67886004,18.517,12.527
11apr2020,2,81493,4858,10813,1122,350575,67886004,18.517,12.527
12apr2020,2,85806,4313,11656,843,365081,67886004,18.517,12.527
13apr2020,2,89385,3579,12313,657,379649,67886004,18.517,12.527
14apr2020,2,92874,3489,13037,724,395912,67886004,18.517,12.527
15apr2020,2,97052,4178,14113,1076,414469,67886004,18.517,12.527
16apr2020,2,101378,4326,14993,880,435389,67886004,18.517,12.527
17apr2020,2,106443,5065,16029,1036,456527,67886004,18.517,12.527
18apr2020,2,111735,5292,16942,913,477776,67886004,18.517,12.527
19apr2020,2,116691,4956,18047,1105,497092,67886004,18.517,12.527
20apr2020,2,121412,4721,18479,432,532229,67886004,18.517,12.527
21apr2020,2,125265,3853,19049,570,554992,67886004,18.517,12.527
22apr2020,2,130119,4854,20273,1224,578066,67886004,18.517,12.527
23apr2020,2,134879,4760,21120,847,606093,67886004,18.517,12.527
24apr2020,2,140366,5487,21802,682,634319,67886004,18.517,12.527
25apr2020,2,145524,5158,22812,1010,663377,67886004,18.517,12.527
26apr2020,2,150494,4970,23627,815,694987,67886004,18.517,12.527
27apr2020,2,154242,3748,23991,364,726553,67886004,18.517,12.527
28apr2020,2,157715,3473,24311,320,771817,67886004,18.517,12.527
29apr2020,2,162421,4706,25280,969,839597,67886004,18.517,12.527
30apr2020,2,167150,4729,26049,769,922684,67886004,18.517,12.527
01may2020,2,172592,5442,26683,634,996826,67886004,18.517,12.527
02may2020,2,177558,4966,27381,698,1060387,67886004,18.517,12.527
03may2020,2,182295,4737,27965,584,1128590,67886004,18.517,12.527
04may2020,2,185524,3229,28218,253,1202251,67886004,18.517,12.527
05may2020,2,188506,2982,28490,272,1268054,67886004,18.517,12.527
06may2020,2,191895,3389,29216,726,1343722,67886004,18.517,12.527
07may2020,2,195577,3682,29863,647,1420462,67886004,18.517,12.527
08may2020,2,199404,3827,30321,458,1495302,67886004,18.517,12.527
09may2020,2,203171,3767,30900,579,1569888,67886004,18.517,12.527
10may2020,2,206234,3063,31175,275,1643429,67886004,18.517,12.527
11may2020,2,208391,2157,31392,217,1710628,67886004,18.517,12.527
12may2020,2,210720,2329,31579,187,1782996,67886004,18.517,12.527
13may2020,2,214306,3586,32193,614,1864403,67886004,18.517,12.527
14may2020,2,217708,3402,32640,447,1946011,67886004,18.517,12.527
15may2020,2,221015,3307,32992,352,2034056,67886004,18.517,12.527
16may2020,2,223643,2628,33342,350,2122318,67886004,18.517,12.527
17may2020,2,226169,2526,33753,411,2197608,67886004,18.517,12.527
18may2020,2,228248,2079,33820,67,2260688,67886004,18.517,12.527
19may2020,2,230086,1838,33966,146,2332060,67886004,18.517,12.527
20may2020,2,232675,2589,34466,500,2413462,67886004,18.517,12.527
21may2020,2,235727,3052,34794,328,2506869,67886004,18.517,12.527
22may2020,2,238445,2718,35067,273,2590930,67886004,18.517,12.527
23may2020,2,241019,2574,35358,291,2670829,67886004,18.517,12.527
24may2020,2,243081,2062,35578,220,2722676,67886004,18.517,12.527
25may2020,2,244608,1527,35957,379,2859563,67886004,18.517,12.527
26may2020,2,245972,1364,36061,104,2923504,67886004,18.517,12.527
27may2020,2,247596,1624,36192,131,2993833,67886004,18.517,12.527
28may2020,2,249268,1672,36614,422,3078468,67886004,18.517,12.527
29may2020,2,251103,1835,36957,343,3174018,67886004,18.517,12.527
30may2020,2,252863,1760,37231,274,3263888,67886004,18.517,12.527
31may2020,2,254390,1527,37385,154,3339151,67886004,18.517,12.527
01jun2020,2,255515,1125,37445,60,3403873,67886004,18.517,12.527
02jun2020,2,256594,1079,37531,86,3490527,67886004,18.517,12.527
03jun2020,2,258035,1441,37780,249,3587330,67886004,18.517,12.527
04jun2020,2,259519,1484,38034,254,3682775,67886004,18.517,12.527
05jun2020,2,260875,1356,38164,130,3782412,67886004,18.517,12.527
06jun2020,2,262118,1243,38422,258,3873426,67886004,18.517,12.527
07jun2020,2,263238,1120,38565,143,3957326,67886004,18.517,12.527
08jun2020,2,264039,801,38619,54,4059548,67886004,18.517,12.527
09jun2020,2,264760,721,38666,47,4151154,67886004,18.517,12.527
10jun2020,2,265859,1099,38861,195,4249081,67886004,18.517,12.527
11jun2020,2,267017,1158,39025,164,4349254,67886004,18.517,12.527
12jun2020,2,268216,1199,39101,76,4445275,67886004,18.517,12.527
13jun2020,2,269233,1017,39232,131,4542174,67886004,18.517,12.527
14jun2020,2,270285,1052,39339,107,4609714,67886004,18.517,12.527
15jun2020,2,271175,890,39366,27,4677522,67886004,18.517,12.527
16jun2020,2,271997,822,39395,29,4756484,67886004,18.517,12.527
17jun2020,2,273040,1043,39515,120,4840348,67886004,18.517,12.527
18jun2020,2,274142,1102,39625,110,4930797,67886004,18.517,12.527
19jun2020,2,275155,1013,39692,67,5017988,67886004,18.517,12.527
20jun2020,2,276182,1027,39776,84,5098834,67886004,18.517,12.527
21jun2020,2,277168,986,39847,71,5156119,67886004,18.517,12.527
22jun2020,2,277855,687,39878,31,5219161,67886004,18.517,12.527
23jun2020,2,278494,639,39892,14,5285917,67886004,18.517,12.527
24jun2020,2,279390,896,39986,94,5373957,67886004,18.517,12.527
25jun2020,2,280276,886,40073,87,5510701,67886004,18.517,12.527
26jun2020,2,281054,778,40172,99,5604093,67886004,18.517,12.527
27jun2020,2,281775,721,40249,77,5694990,67886004,18.517,12.527
28jun2020,2,282446,671,40289,40,5760203,67886004,18.517,12.527
29jun2020,2,283095,649,40320,31,5825239,67886004,18.517,12.527
30jun2020,2,283541,446,40341,21,5922583,67886004,18.517,12.527
01jul2020,2,284271,730,40394,53,6035588,67886004,18.517,12.527
02jul2020,2,284888,617,40491,97,6147681,67886004,18.517,12.527
03jul2020,2,285539,651,40532,41,6262114,67886004,18.517,12.527
04jul2020,2,286141,602,40581,49,6355415,67886004,18.517,12.527
05jul2020,2,286720,579,40613,32,6433120,67886004,18.517,12.527
06jul2020,2,287121,401,40632,19,6496653,67886004,18.517,12.527
07jul2020,2,287676,555,40643,11,6597342,67886004,18.517,12.527
08jul2020,2,288380,704,40697,54,6717480,67886004,18.517,12.527
09jul2020,2,288977,597,40754,57,6849508,67886004,18.517,12.527
10jul2020,2,289670,693,40785,31,6977736,67886004,18.517,12.527
11jul2020,2,290385,715,40819,34,7101830,67886004,18.517,12.527
12jul2020,2,290950,565,40836,17,7188816,67886004,18.517,12.527
13jul2020,2,291392,442,40845,9,7262633,67886004,18.517,12.527
14jul2020,2,291753,361,40855,10,7375594,67886004,18.517,12.527
15jul2020,2,292479,726,40899,44,7508695,67886004,18.517,12.527
16jul2020,2,293164,685,40925,26,7658207,67886004,18.517,12.527
17jul2020,2,293936,772,40949,24,7815903,67886004,18.517,12.527
18jul2020,2,294640,704,40975,26,7947599,67886004,18.517,12.527
19jul2020,2,295209,569,40984,9,8050171,67886004,18.517,12.527
20jul2020,2,295702,493,40995,11,8135242,67886004,18.517,12.527
21jul2020,2,296115,413,41005,10,8256935,67886004,18.517,12.527
22jul2020,2,296908,793,41030,25,8388397,67886004,18.517,12.527
23jul2020,2,297659,751,41047,17,8522679,67886004,18.517,12.527
24jul2020,2,298432,773,41056,9,8663993,67886004,18.517,12.527
25jul2020,2,299163,731,41088,32,8798036,67886004,18.517,12.527
26jul2020,2,299830,667,41103,15,8904608,67886004,18.517,12.527
27jul2020,2,300251,421,41111,8,8986873,67886004,18.517,12.527
28jul2020,2,300622,371,41114,3,9117483,67886004,18.517,12.527
29jul2020,2,300692,70,41135,21,9260989,67886004,18.517,12.527
30jul2020,2,301455,763,41169,34,9415384,67886004,18.517,12.527
31jul2020,2,302301,846,41169,0,9562383,67886004,18.517,12.527
01aug2020,2,303181,880,41189,20,9693382,67886004,18.517,12.527
02aug2020,2,303952,771,41202,13,9818696,67886004,18.517,12.527
03aug2020,2,304695,743,41207,5,9941987,67886004,18.517,12.527
04aug2020,2,305623,928,41208,1,10083427,67886004,18.517,12.527
05aug2020,2,306293,670,41226,18,10236970,67886004,18.517,12.527
06aug2020,2,307184,891,41240,14,10400408,67886004,18.517,12.527
07aug2020,2,308134,950,41258,18,10556548,67886004,18.517,12.527
08aug2020,2,309005,871,41270,12,10703374,67886004,18.517,12.527
09aug2020,2,309763,758,41273,3,10857124,67886004,18.517,12.527
10aug2020,2,310825,1062,41278,5,10993551,67886004,18.517,12.527
11aug2020,2,311641,816,41296,18,11141214,67886004,18.517,12.527
12aug2020,2,312789,1148,41309,13,11310805,67886004,18.517,12.527
13aug2020,2,313798,1009,41329,20,11471425,67886004,18.517,12.527
14aug2020,2,314927,1129,41347,18,11639184,67886004,18.517,12.527
15aug2020,2,316367,1440,41358,11,11814098,67886004,18.517,12.527
16aug2020,2,317444,1077,41361,3,11978298,67886004,18.517,12.527
17aug2020,2,318484,1040,41366,5,12118924,67886004,18.517,12.527
18aug2020,2,319197,713,41369,3,12272157,67886004,18.517,12.527
19aug2020,2,320286,1089,41381,12,12446595,67886004,18.517,12.527
20aug2020,2,321098,812,41397,16,12618033,67886004,18.517,12.527
21aug2020,2,322280,1182,41403,6,12798368,67886004,18.517,12.527
22aug2020,2,323313,1033,41405,2,12969753,67886004,18.517,12.527
23aug2020,2,324601,1288,41423,18,13126236,67886004,18.517,12.527
24aug2020,2,325642,1041,41429,6,13263262,67886004,18.517,12.527
25aug2020,2,326614,972,41433,4,13447568,67886004,18.517,12.527
26aug2020,2,327798,1184,41449,16,13633416,67886004,18.517,12.527
27aug2020,2,328846,1048,41465,16,13823629,67886004,18.517,12.527
28aug2020,2,330368,1522,41477,12,13992972,67886004,18.517,12.527
29aug2020,2,331644,1276,41486,9,14163546,67886004,18.517,12.527
30aug2020,2,332752,1108,41498,12,14330417,67886004,18.517,12.527
31aug2020,2,334467,1715,41499,1,14488971,67886004,18.517,12.527
01sep2020,2,335873,1406,41501,2,14653196,67886004,18.517,12.527
02sep2020,2,337168,1295,41504,3,14835199,67886004,18.517,12.527
03sep2020,2,338676,1508,41514,10,15017553,67886004,18.517,12.527
04sep2020,2,340411,1735,41527,13,15205285,67886004,18.517,12.527
05sep2020,2,342351,1940,41537,10,15371404,67886004,18.517,12.527
06sep2020,2,344164,1813,41549,12,15541294,67886004,18.517,12.527
07sep2020,2,347152,2988,41551,2,15720561,67886004,18.517,12.527
08sep2020,2,350100,2948,41554,3,15934869,67886004,18.517,12.527
09sep2020,2,352560,2460,41586,32,16145887,67886004,18.517,12.527
10sep2020,2,355219,2659,41594,8,16377083,67886004,18.517,12.527
11sep2020,2,358138,2919,41608,14,16655346,67886004,18.517,12.527
12sep2020,2,361677,3539,41614,6,16876512,67886004,18.517,12.527
13sep2020,2,365174,3497,41623,9,17089685,67886004,18.517,12.527
14sep2020,2,368504,3330,41628,5,17297403,67886004,18.517,12.527
15sep2020,2,371125,2621,41637,9,17521680,67886004,18.517,12.527
16sep2020,2,374228,3103,41664,27,17761017,67886004,18.517,12.527
17sep2020,2,378219,3991,41684,20,17995470,67886004,18.517,12.527
18sep2020,2,381614,3395,41705,21,18248877,67886004,18.517,12.527
19sep2020,2,385936,4322,41732,27,18488762,67886004,18.517,12.527
20sep2020,2,390358,4422,41759,27,18708484,67886004,18.517,12.527
21sep2020,2,394257,3899,41777,18,18897349,67886004,18.517,12.527
22sep2020,2,398625,4368,41788,11,19091955,67886004,18.517,12.527
23sep2020,2,403551,4926,41825,37,19325203,67886004,18.517,12.527
24sep2020,2,409729,6178,41862,37,19583360,67886004,18.517,12.527
25sep2020,2,416363,6634,41902,40,19842919,67886004,18.517,12.527
26sep2020,2,423236,6873,41936,34,20077408,67886004,18.517,12.527
27sep2020,2,429277,6041,41971,35,20304308,67886004,18.517,12.527
28sep2020,2,434969,5692,41988,17,20503188,67886004,18.517,12.527
29sep2020,2,439013,4044,42001,13,20727837,67886004,18.517,12.527
30sep2020,2,446156,7143,42072,71,20964429,67886004,18.517,12.527
01oct2020,2,453264,7108,42143,71,21208723,67886004,18.517,12.527
02oct2020,2,460178,6914,42202,59,21458497,67886004,18.517,12.527
03oct2020,2,467146,6968,42268,66,21711480,67886004,18.517,12.527
04oct2020,2,480017,12871,42317,49,21934950,67886004,18.517,12.527
05oct2020,2,502978,22961,42350,33,22167851,67886004,18.517,12.527
06oct2020,2,515571,12593,42369,19,22409225,67886004,18.517,12.527
07oct2020,2,530113,14542,42445,76,22649175,67886004,18.517,12.527
08oct2020,2,544275,14162,42515,70,22938406,67886004,18.517,12.527
09oct2020,2,561815,17540,42592,77,23215667,67886004,18.517,12.527
10oct2020,2,575679,13864,42679,87,23471856,67886004,18.517,12.527
11oct2020,2,590844,15165,42760,81,23709494,67886004,18.517,12.527
12oct2020,2,603716,12872,42825,65,23910761,67886004,18.517,12.527
13oct2020,2,617688,13972,42875,50,24198274,67886004,18.517,12.527
14oct2020,2,634920,17232,43018,143,24477883,67886004,18.517,12.527
15oct2020,2,654644,19724,43155,137,24756972,67886004,18.517,12.527
16oct2020,2,673622,18978,43293,138,25046375,67886004,18.517,12.527
17oct2020,2,689257,15635,43429,136,25323952,67886004,18.517,12.527
18oct2020,2,705428,16171,43579,150,25604836,67886004,18.517,12.527
19oct2020,2,722409,16981,43646,67,25840772,67886004,18.517,12.527
20oct2020,2,741212,18803,43726,80,26101705,67886004,18.517,12.527
21oct2020,2,762542,21330,43967,241,26395029,67886004,18.517,12.527
22oct2020,2,789229,26687,44158,191,26713168,67886004,18.517,12.527
23oct2020,2,810467,21238,44347,189,27025727,67886004,18.517,12.527
24oct2020,2,830998,20531,44571,224,27307837,67886004,18.517,12.527
25oct2020,2,854010,23012,44745,174,27599062,67886004,18.517,12.527
26oct2020,2,873800,19790,44896,151,27823158,67886004,18.517,12.527
27oct2020,2,894690,20890,44998,102,28087043,67886004,18.517,12.527
28oct2020,2,917575,22885,45365,367,28372780,67886004,18.517,12.527
29oct2020,2,942275,24700,45675,310,,67886004,18.517,12.527
30oct2020,2,965340,23065,45955,280,,67886004,18.517,12.527
